Name,ID,Alias,Language
Verizon,792,Verizon Communications Inc.,
Bmw,783,bayerische motoren werke,de
C. H. Robinson Worldwide,2239,c.h. robinson,en
C. H. Robinson Worldwide,2239,"c.h. robinson worldwide, inc.",en
C. H. Robinson Worldwide,2239,ch robinson worldwide inc,en
Kraft Heinz,2161,The Kraft Heinz Company,en
Kraft Heinz,2161,Kraft Foods,en
Fastenal,2316,fastenal,en
Fastenal,2316,fastenal company,en
Kaiser Permanente,533,Kaiser Foundation Hospitals,en
Kaiser Permanente,533,Kaiser Foundation Health Plan,en
Kaiser Permanente,533,Permanente Health Plan,en
Splunk,237,"splunk, inc",en
Splunk,237,splunk inc,en
Splunk,237,"splunk, inc.",en
Kroger,1813,The Kroger Co.,en
Old Dominion Freight Line,2444,"old dominion freight line, inc. (nasdaq: odfl)",en
Old Dominion Freight Line,2444,odfl,en
Old Dominion Freight Line,2444,"old dominion freight line, inc.",en
Spotify,844,Spotify Technology S.A.,en
Zillow,780,zillow group,en
Zillow,780,zillow group inc,en
Zillow,780,"zillow, inc.",en
3M,298,minnesota mining and manufacturing company,en
3M,298,3m co,en
Cadence Design Systems,2241,cadence design systems inc,en
Cadence Design Systems,2241,"cadence design systems, inc.",en
Cadence Design Systems,2241,"cadence design systems, inc",en
Omnicom Group,2445,omnicom group (nyse: omc),en
Omnicom Group,2445,omnicom,en
Omnicom Group,2445,omnicom group inc. (nyse: omc),en
Omnicom Group,2445,omnicom group inc.,en
Omnicom Group,2445,omnicom group inc,en
Zimmer Biomet,2552,zimmer biomet ,en
Zimmer Biomet,2552,"zimmer biomet holdings, inc.",en
Lenovo,936,Lenovo Corporation,en
Lenovo,936,Lenovo Group Ltd.,en
Lenovo,936,Lianxiang Jituan,en
Federal Realty Investment Trust,2317,federal realty,en
Zions Bancorp,2553,"zions bancorporation, national association",en
Zions Bancorp,2553,keystone insurance and investment co,en
Zions Bancorp,2553,zions bank,en
Zions Bancorp,2553,zions bancorporation,en
Zions Bancorp,2553,"zions bancorporation, n.a.",en
4Thparadigm,3,4paradigm,en
4Thparadigm,3,"beijing wusi chuangxiang technology co., ltd.",en
Cambricon,52,cambricon technologies corp ltd,en
Cambricon,52,hanwuji keji,en
Cambricon,52,beijing zhongke cambricon technologies corp ltd,en
Cambricon,52,cambricon technologies,en
Cambricon,52,cambricon technologies corporation limited,en
Campbell Soup,2242,campbell's,en
Campbell Soup,2242,campbell soup company,en
Campbell Soup,2242,campbell,en
Campbell Soup,2242,campbell soup co,en
Fedex,1891,fedex,en
Fedex,1891,fedex corporation,en
Stanley Black & Decker,2495,"stanley black & decker, inc.",en
Stanley Black & Decker,2495,the stanley works,en
Zoetis,2554,zoetis inc,en
Zoetis,2554,pfizer,en
Capital One,371,capital one financial corp,en
Capital One,371,capital one financial corporation,en
Kellogg,2381,kellogg company,en
Kellogg,2381,kellogg's,en
Oneok,2446,"oneok, inc. (nyse: oke)",en
Oneok,2446,"oneok, inc.",en
Oneok,2446,oneok inc,en
Starbucks,2496,starbucks,en
Starbucks,2496,starbucks corporation,en
Starbucks,2496,starbucks coffee company,en
Capri Holdings,2243,capri holdings ltd.,en
Capri Holdings,2243,michael kors holdings limited,en
Capri Holdings,2243,capri holdings limited,en
Capri Holdings,2243,michael kors holdings,en
State Street,2497,state street corporation,en
State Street,2497,state street,en
ZTE,289,zte corporation,en
ZTE,289,zte corp,en
Fidelity National Information Services,2318,fis,en
Fidelity National Information Services,2318,fidelity national information services inc,en
Keysight Technologies,2383,keysight technologies inc.,en
Keysight Technologies,2383,keysight,en
Zymergen,290,"zymergen, inc.",en
Zymergen,290,zymergen bioinformatics,en
Zymergen,290,zymergen inc,en
Zymergen,290,"zymergen, inc",en
A.O. Smith,2217,a. o. smith,en
A.O. Smith,2217,a. o. smith corporation,en
Fifth Third Bancorp,2319,"fifth third bank, national association.",en
Fifth Third Bancorp,2319,fifth third bank,en
Kimberly-Clark,2384,kimberly-clark corporation,en
Kimberly-Clark,2384,kimberly-clark corp,en
Lowe's,1876,"Lowe's Companies, Inc.",en
Cardinal Health,1807,cardinal health,en
Cardinal Health,1807,"cardinal health, inc.",en
Kimco Realty,2385,kimco realty corporation,en
Kimco Realty,2385,kimco realty corp,en
Steris,2498,steris,en
Steris,2498,steris corp,en
Steris,2498,steris corporation,en
Carmax,2245,"carmax business services, llc",en
Carmax,2245,carmax,en
Kinder Morgan,2386,"kinder morgan, inc",en
Kinder Morgan,2386,kinder morgan inc,en
Kinder Morgan,2386,"kinder morgan, inc.",en
Abbott,1515,Abbott Laboratories,en
LVMH Moet Hennessy-Louis Vuitton,3097,LVMH Moët Hennessy Louis Vuitton S.E.,en
Carnival,2246,carnival corp,en
Carnival,2246,carnival corporation,en
Carnival,2246,carnival corporation & plc,en
First Republic Bank,2321,first republic,en
AbbVie,2083,AbbVie Inc.,en
Macy's,2176,"Federated Department Stores, Inc.",en
Macy's,2176,"Macys.com, LLC",en
Carrier Global,2247,carrier global corp,en
Carrier Global,2247,carrier corporation,en
Firstenergy,2320,firstenergy,en
Stryker,2499,stryker,en
Stryker,2499,"stryker iberia, sl",en
Fiserv,2322,"fiserv, inc.",en
Fiserv,2322,fiserv,en
Oracle,617,oracle corporation,en
Oracle,617,oracle corp,en
Caterpillar,1921,"caterpillar, inc.",en
Caterpillar,1921,"caterpillar, inc",en
Abiomed,2191,"abiomed, inc.",en
Abiomed,2191,abiomed,en
Abiomed,2191,"abiomed, inc",en
CBOE Global Markets,2248,"cboe global markets, inc.",en
CBOE Global Markets,2248,"cboe exchange, inc.",en
CBOE Global Markets,2248,cboe,en
CBRE Group,2249,cbre ,en
CBRE Group,2249,"cbre group, inc.",en
Fleetcor Technologies,2323,fleetcor,en
Fleetcor Technologies,2323,fleetcor technologies,en
Fleetcor Technologies,2323,fuelman,en
Fleetcor Technologies,2323,"fleetcor technologies, inc.",en
Kohl's,2387,kohl’s corporation,en
Kohl's,2387,kohl’s,en
CDW,2250,cdw corporation,en
CDW,2250,cdw llc,en
CDW,2250,cdw,en
Accenture,803,accenture,en
Accenture,803,andersen,en
Celanese,2251,celanese corporation,en
Celanese,2251,celanese corp,en
Celanese,2251,hoechst celanese,en
MetLife,1883,"MetLife, Inc.",en
MetLife,1883,Metropolitan Life Insurance Company (MLIC),en
MetLife,1883,METROPOLITAN LIFE INSURANCE CO,en
Flowserve Corporation,2325,flowserve corp,en
Flowserve Corporation,2325,flowserve,en
Otis Worldwide,2447,otis,en
Otis Worldwide,2447,zardoya otis,en
Otis Worldwide,2447,"zardoya otis, sa",en
Otis Worldwide,2447,otis elevator company,en
Otis Worldwide,2447,otis worldwide corp,en
SVB Financial,2500,silicon valley bank,en
SVB Financial,2500,svb financial group,en
SVB Financial,2500,svb,en
Celepixel,53,celepixel technology,en
Celepixel,53,"celepixel technology co., ltd.",en
Micron Technology,2107,"Micron Technology, Inc.",en
Centene,1905,centene,en
Centene,1905,centene corporation,en
Swiss Re,705,swiss re ltd,en
Swiss Re,705,swiss re ag,en
Swiss Re,705,swiss re group,en
Activision Blizzard,2192,activision blizzard inc,en
Activision Blizzard,2192,"blizzard entertainment, inc.",en
Centerpoint Energy,2252,centerpoint energy - always there ®,en
Centerpoint Energy,2252,"centerpoint energy, inc.",en
FMC Corporation,2326,fmc corp,en
FMC Corporation,2326,fmc,en
FMC Corporation,2326,food machinery corporation,en
KPMG,539,kpmg llp,en
KPMG,539,klynveld peat marwick goerdeler,en
KPMG,539,kpmg international cooperative,en
Allstate,2019,The Allstate Corporation,en
Synchrony Financial,2501,synchrony,en
Synchrony Financial,2501,GE Capital Retail Finance,en
Adobe,6,adobe corp,en
Adobe,6,adobe corp.,en
Adobe,6,adobe inc.,en
Adobe,6,adobe systems Incoporated,en
Adobe,6,adobe corporation,en
Cerebras Systems,54,cerebras systems inc,en
Cerebras Systems,54,cerebras systems inc.,en
Ford Motor Company,456,ford motor company limited,en
Ford Motor Company,456,ford direct,en
Ford Motor Company,456,ford motor co,en
Kuaishou,143,kuaishou technology,en
Kuaishou,143,beijing kuaishou technology ltd.,en
Kuaishou,143,kwai inc.,en
Paccar,2448,paccar,en
Paccar,2448,paccar financial,en
CF Industries Holdings,2254,cf industries,en
CF Industries Holdings,2254,cf industries holdings,en
Packaging Corporation of America,2449,packaging corporation of america (pca),en
Packaging Corporation of America,2449,Tenneco Packaging,en
Packaging Corporation of America,2449,pca,en
Packaging Corporation of America,2449,packaging corp of america,en
American Airlines Group,1978,American Airlines Group Inc.,en
American Airlines Group,1978,AMR,en
American Airlines Group,1978,"American Airlines, Inc.",en
American Airlines Group,1978,US Airways,en
American Airlines Group,1978,American Airlines,en
Advance Auto Parts,2193,"advance auto parts, inc.",en
Fortinet,2327,fortinet inc,en
Fortinet,2327,"fortinet, inc.",en
Fortinet,2327,"fortinet, inc",en
Bath & Body Works,2388,l brands,en
Bath & Body Works,2388,l brands inc,en
Bath & Body Works,2388,The Limited,en
Bath & Body Works,2388,Limited Brands,en
Bath & Body Works,2388,L Brands,en
Bath & Body Works,2388,Bath and Body Works,en
Bath & Body Works,2388,lbrands,en
American International Group,3105,"American International Group, Inc.",en
Fortive,2328,fortive,en
Fortive,2328,fortive corporation,en
L3Harris Technologies,480,l3harris technologies,en
L3Harris Technologies,480,"l3 harris technologies, inc.",en
L3Harris Technologies,480,l3harris,en
L3Harris Technologies,480,l3harris technologies inc,en
L3Harris Technologies,480,"l3harris technologies, inc.",en
L3Harris Technologies,480,l3 harris,en
L3Harris Technologies,480,l3 harris technologies,en
Sysco,1908,sysco,en
Sysco,1908,sysco corporation,en
Amgen,1570,Amgen Inc.,en
Fortune Brands Home & Security,2329,fortune brands,en
Fortune Brands Home & Security,2329,fortune brands home and security,en
Fortune Brands Home & Security,2329,"fortune brands home & security, inc.",en
Laboratory Corporation of America,2390,laboratory corporation of america holdings,en
Laboratory Corporation of America,2390,labcorp,en
Laboratory Corporation of America,2390,laboratory corporation of america,en
Moderna Therapeutics,1752,Moderna,en
Moderna Therapeutics,1752,"Moderna, Inc.",en
Palo Alto Networks,623,"palo alto networks, inc.",en
Palo Alto Networks,623,paloalto,en
Mondelez International,2169,Kraft Foods,en
Mondelez International,2169,"Mondelez International, Inc.",en
Charles Schwab Corporation,2255,charles schwab,en
Charles Schwab Corporation,2255,charles schwab corp,en
Charles Schwab Corporation,2255,charles schwab & co.,en
Fox Corporation,2330,tfcf corp,en
Fox Corporation,2330,fox corporation,en
Lam Research,2391,lam research corp,en
Lam Research,2391,lam research corporation,en
T. Rowe Price Group,2502,t. rowe price,en
T. Rowe Price Group,2502,"t. rowe price group, inc.",en
T. Rowe Price Group,2502,t. rowe price associates,en
T. Rowe Price Group,2502,t.roweprice,en
Aecom,2763,2020 aecom,en
Aecom,2763,edaw,en
Lamb Weston Holdings,2392,lamb weston,en
Lamb Weston Holdings,2392,conagra foods lamb weston,en
Foxconn,1393,"hon hai precision industry co., ltd.",en
Foxconn,1393,hon hai precision industry co.,en
Foxconn,1393,foxconn technology group,en
Franklin Resources,2332,franklin templeton investments,en
Franklin Resources,2332,"franklin resources, inc.",en
Franklin Resources,2332,franklin templeton,en
Las Vegas Sands,2393,las vegas sands corp,en
Las Vegas Sands,2393,las vagas sand crop,en
Las Vegas Sands,2393,las vegas sands corporation,en
Paramount Global,2530,viacomcbs,en
Paramount Global,2530,viacomcbs inc,en
Paramount Global,2530,paramount,en
Archer Daniels Midland,1894,Archer Daniels Midland Co.,en
Freeport-Mcmoran,2333,freeport-mcmoran,en
Freeport-Mcmoran,2333,freeport-mcmoran copper & gold inc,en
Freeport-Mcmoran,2333,fcx,en
Parker-Hannifin,2450,parker hannifin corp,en
Parker-Hannifin,2450,parker hannifin,en
Parker-Hannifin,2450,parker,en
Take-Two Interactive,2503,"take-two interactive software, inc.",en
Take-Two Interactive,2503,take-two interactive software,en
Aetna,308,"aetna, inc",en
Aetna,308,aetna inc,en
Aetna,308,"aetna, inc.",en
Aeye,7,"aeye, inc.",en
Aeye,7,"aeye, inc",en
Chevron,1617,chevron corporation,en
Tamr,243,tamr inc,en
Tamr,243,"tamr, inc",en
Tamr,243,"tamr, inc.",en
Affectiva,8,affectiva inc,en
Affectiva,8,"affectiva, inc.",en
Chipotle Mexican Grill,2256,chipotle mexican grill inc,en
Chipotle Mexican Grill,2256,chipotle,en
Leggett & Platt,2394,leggett,en
Leggett & Platt,2394,leggett & platt®,en
Leggett & Platt,2394,leggett & platt incorporated,en
Leggett & Platt,2394,leggett & platt inc,en
Leggett & Platt,2394,"leggett & platt, inc.",en
Tapestry,2504,"coach, inc.",en
Tapestry,2504,tapestry inc,en
Tapestry,2504,tapestry,en
Baker Hughes,1564,BHGE,en
Baker Hughes,1564,General Electric's oil and gas,en
Baker Hughes,1564,Baker Hughes,en
Church & Dwight,2257,church & dwight co. inc,en
Church & Dwight,2257,"church & dwight co., inc.",en
Church & Dwight,2257,"church & dwight co., inc",en
Leidos Holdings,839,Science Applications International Corporation,en
Leidos Holdings,839,leidos holdings,en
Leidos Holdings,839,leidos,en
Leidos Holdings,839,SAIC,en
Aflac,2195,"aflac, inc.",en
Aflac,2195,american family life assurance company,en
Aflac,2195,aflac inc.,en
Aflac,2195,aflac incorporated,en
Aflac,2195,aflac,en
Cigna,1953,cigna,en
Cigna,1953,cigna corporation,en
Paychex,2451,"paychex, inc.",en
Paychex,2451,paychex,en
Nokia,949,Nokia Mobile,en
Nokia,949,Nokia Corporation,en
Cincinnati Financial,2258,cincinnati financial corp,en
Cincinnati Financial,2258,the cincinnati insurance companies,en
Cincinnati Financial,2258,cincinnati financial corporation,en
Lemonade,150,lemonade insurance agency,en
Lemonade,150,"lemonade, inc.",en
Lemonade,150,lemonade insurance company,en
Paycom,2452,"paycom software, inc",en
Target,710,"target brands, inc",en
Target,710,target corp,en
Target,710,dayton hudson corp,en
Target,710,target corporation,en
Cintas Corporation,2259,cintas,en
Cintas Corporation,2259,cintas corp,en
Gap,2334,gap,en
TE Connectivity,2505,tyco electronics ltd,en
TE Connectivity,2505,tyco electronics ltd.,en
TE Connectivity,2505,tyco electronics,en
TE Connectivity,2505,te connectivity,en
TE Connectivity,2505,te connectivity (te),en
TE Connectivity,2505,te connectivity ltd,en
Nucor,2185,Nucor Corporation,en
Agari Data,9,agari data inc,en
Agari Data,9,"agari data, inc.",en
Agari Data,9,agari,en
Garmin,2335,garmin,en
Garmin,2335,garmin international,en
Lennar,2395,lennar corporation,en
Lennar,2395,lennar,en
Bank of America,811,"Bank of America, N.A.",en
Bank of America,811,Bank of America NA,en
Bank of America,811, Bank of America National Association,en
Cisco Systems,383,"cisco systems, inc.",en
Cisco Systems,383,cisco systems,en
Cisco Systems,383,cisco,en
Cisco Systems,383,cisco systems inc,en
Gartner,2336,gartner,en
Gartner,2336,"gartner group, inc",en
Gartner,2336,gartner consulting,en
Gartner,2336,gartner group,en
Citadel,384,citadel investment group,en
Citadel,384,citadel,en
Citadel,384,wellington financial group,en
Citadel,384,citadel enterprise americas llc,en
TechnipFMC,2506,fmc technologies,en
TechnipFMC,2506,technip,en
TechnipFMC,2506,fmc technologies inc,en
TechnipFMC,2506,technip paris,en
TechnipFMC,2506,technipfmc plc,en
Agilent Technologies,313,agilent technologies inc,en
Agilent Technologies,313,agilent,en
Agilent Technologies,313,"agilent technologies, inc.",en
Citadel Securities,385,citadel securities llc,en
Citadel Securities,385,citadel enterprise americas llc,en
Pentair,2453,pentair,en
Ahi Fintech,10,"hui'an jinke (beijing) technology co., ltd.",en
Ahi Fintech,10,hui'an jinke,en
Ahi Fintech,10,huian jinke beijing technology co ltd,en
Ahi Fintech,10,hui'an jinke (ahi fintech),en
Citizens Financial Group,2260,"citizens bank, n.a.",en
Citizens Financial Group,2260,citizens financial group inc,en
Citizens Financial Group,2260,"citizens financial group, inc",en
Citizens Financial Group,2260,cfg,en
Citizens Financial Group,2260,citizens,en
Citizens Financial Group,2260,citizens financial,en
Citizens Financial Group,2260,citizens bank,en
Panasonic,1129,Panasonic Corporation,en
Panasonic,1129,Panasonic Corp.,en
Panasonic,1129,Panasonic Holdings Corp.,en
GE Healthcare,462,ge healthcare ltd,en
GE Healthcare,462,ge healthcare inc,en
Barclays,1230,Barclays Bank UK PLC,en
PayPal,195,PayPal Pte. Ltd.,en
Teledyne Technologies,2819,teledyne technologies,en
Teledyne Technologies,2819,allegheny ludlum corp.,en
Teledyne Technologies,2819,teledyne,en
Teledyne Technologies,2819,teledyne technologies incorporated,en
Aibee,13,aibee beijing intelligent technology co ltd,en
Aibee,13,aibee inc.,en
Aibee,13,爱笔智能科技有限公司,en
Aibee,13,爱笔智能,en
Teleflex,2507,teleflex incorporated.,en
Teleflex,2507,teleflex inc,en
Genentech,465,genetech inc,en
Genentech,465,"genentech, inc",en
Genentech,465,"genentech, usa inc.",en
Air Products & Chemicals,2196,"air products and chemicals, inc.",en
Tencent,245,tencent holdings limited,en
Tencent,245,tencent ltd,en
Tencent,245,tengxun,en
Tencent,245,tencent holdings,en
PepsiCo,1893,Pepsi,en
PepsiCo,1893,"PepsiCo, Inc.",en
General Dynamics,2048,general dynamics,en
General Dynamics,2048,general dynamics corporation,en
Berkshire Hathaway,1792,Berkshire Hathaway Inc.,en
Lincoln National,2396,lincoln financial group,en
Lincoln National,2396,lincoln financial,en
Lincoln National,2396,lincoln national corporation,en
Lincoln National,2396,lincoln national corp,en
Revvity,2455,"perkinelmer, inc.",en
Revvity,2455,perkin-elmer,en
Best Buy,1995,Best Buy Co. Inc.,en
Airbnb,314,airbed & breakfast,en
Airbnb,314,airbnb inc,en
Airbnb,314,"airbnb, inc.",en
General Mills,2337,"general mills, inc.",en
General Mills,2337,general mills inc,en
Linde,2397,linde,en
Linde,2397,the linde group,en
Linde,2397,linde group,en
Perrigo,2456,perrigo company plc,en
General Motors,820,"GM, The General Motors Company",en
Tesla,247,tesla motors,en
Tesla,247,"tesla, inc.",en
Tesla,247,tesla inc,en
Cloudwalk,58," Cloudwalk Group Co.,Ltd.",en
Pfizer,1928,Pfizer Inc.,en
Genuine Parts,2338,genuine parts company,en
Genuine Parts,2338,gpc,en
Genuine Parts,2338,genuine parts co,en
Texas Instruments,714,texas instruments inc,en
Texas Instruments,714,texas instruments incorporated,en
Philip Morris International,2118,PMI,en
Aisimba,17,xiaoshi technology,en
CME Group,2263,cme holdings,en
CME Group,2263,chicago mercantile exchange,en
CME Group,2263,cme group,en
CME Group,2263,chicago board of trade,en
CMS Energy,2264,cms energy corporation,en
CMS Energy,2264,cms energy corp,en
Philips,201,koninklijke philips nv,en
Philips,201,royal philips,en
Philips,201,koninklijke philips,en
Live Nation Entertainment,2398,live nation,en
Live Nation Entertainment,2398,live nation entertainment inc,en
Live Nation Entertainment,2398,live nation worldwide inc,en
Live Nation Entertainment,2398,"live nation worldwide, inc.",en
Textron,2508,textron,en
Textron,2508,textron inc.,en
Pool Corporation,3091,SCP Pool Corporation,en
Pool Corporation,3091,Pool Corp,en
Akamai Technologies,1765,"akamai technologies, inc., akamai",en
LKQ Corporation,2399,lkq corp,en
LKQ Corporation,2399,lkq,en
Phillips 66,1818,phillips 66 company,en
Gilead Sciences,2339,gilead sciences inc,en
Gilead Sciences,2339,"gilead sciences, inc.",en
Gilead Sciences,2339,gilead,en
Alaska Air Group,2197,"alaska airlines, inc.",en
Alaska Air Group,2197,alaska airlines,en
Alaska Air Group,2197,alaska air group,en
Global Payments,2341,global payments,en
Global Payments,2341,global payments inc,en
Global Payments,2341,"global payments direct, inc.",en
Global Payments,2341,global payments (nyse: gpn),en
Lockheed Martin,553,lockheed martin corporation,en
The Bank Of New York Mellon,2229,the bank of new york mellon corporation,en
The Bank Of New York Mellon,2229,bny mellon,en
The Bank Of New York Mellon,2229,bank of new york mellon corp,en
The Bank Of New York Mellon,2229,the bank of new york mellon,en
Bunge,1969,Bunge Ltd,en
Colgate-Palmolive,2265,colgate,en
Colgate-Palmolive,2265,colgate palmolive,en
Colgate-Palmolive,2265,colgate-palmolive company,en
Colgate-Palmolive,2265,colgate-palmolive co,en
Loews,2400,loews,en
Loews,2400,loews corporation,en
Boston Consulting Group,718,boston consulting group,en
Boston Consulting Group,718,boston consulting group inc,en
Boston Consulting Group,718,the boston consulting group,en
Boston Consulting Group,718,bcg,en
Canadian Pacific,3160,Canadian Pacific Railway Limited,en
Canadian Pacific,3160,Canadian Pacific Railway,en
Canadian Pacific,3160,CP Rail,en
Canadian Pacific,3160,Canadian Pacific Railway Ltd,en
Progressive,2093,Progressive Insurance,en
Progressive,2093,Progressive Corporation,en
Albemarle,2198,albermarle,en
Albemarle,2198,albemarle corporation,en
Globe Life,2340,globe life inc,en
Globe Life,2340,globe life insurance,en
Globe Life,2340,globe life and accident insurance,en
Globe Life,2340,globe life,en
Ping An,202,china ping an,en
Clorox Company,2262,clorox,en
Clorox Company,2262,clorox co,en
Prudential Financial,1895,The Prudential Insurance Company of America,en
Alexandria Real Estate Equities,2199,"alexandria real estate equities, inc.",en
Alexandria Real Estate Equities,2199,alexandria,en
Goldman Sachs,471,goldman sachs ag,en
Pinnacle West Capital,2457,pinnacle west,en
Pinnacle West Capital,2457,pinnacle west capital corporation,en
Pinnacle West Capital,2457,pinnacle west capital corp,en
Cooper Companies,2271,cooper companies,en
Cooper Companies,2271,cooper companies inc,en
Cooper Companies,2271,"the cooper companies, inc.",en
Cooper Companies,2271,coopercompanies,en
Catalent,3087,"Catalent Pharma Solutions, Inc.",en
Catalent,3087,Catalent Pharma Solutions,en
Alexion Pharmaceuticals,2200,alexion pharmaceuticals inc,en
Alexion Pharmaceuticals,2200,alexion,en
Alexion Pharmaceuticals,2200,"alexion pharmaceuticals, inc.",en
Comcast,396,comcast holdings,en
Comcast,396,comcast corp,en
Comcast,396,comcast corporation,en
Pinterest,635,pinterest inc.,en
Pinterest,635,cold brew labs inc.,en
D. E. Shaw Group,720,"d. e. shaw & co., l.p.",en
D. E. Shaw Group,720,de shaw co,en
D. E. Shaw Group,720,d. e. shaw & co.,en
D. E. Shaw Group,720,d.e. shaw,en
Comerica,2266,comerica,en
Comerica,2266,comerica incorporated,en
Comerica,2266,comerica bank,en
Google,101,google llc,en
Google,101, Google Inc,en
Alibaba,21,alibaba group holding limited,en
Alibaba,21,alibaba group holding ltd,en
Alibaba,21,alibaba group,en
Lumen Technologies,2253,"lumen technologies, inc.",en
Lumen Technologies,2253,centurytel,en
Lumen Technologies,2253,centurylink,en
Lumen Technologies,2253,lumen,en
Pioneer Natural Resources,2458,pioneer natural resources company,en
Pioneer Natural Resources,2458,pioneer natural resources co.,en
Hershey Company,2352,hershey co,en
Hershey Company,2352,hershey company,en
Hershey Company,2352,hershey's,en
Hershey Company,2352,hershey,en
Cerner Corporation,838,Cerner,en
Regeneron Pharmaceuticals,1577,Regeneron,en
Regeneron Pharmaceuticals,1577,"Regeneron Pharmaceuticals, Inc.",en
Regeneron Pharmaceuticals,1577,REGN,en
Align Technology,2201,"align technology, inc.",en
Conagra Brands,2267,conagra foods inc.,en
Conagra Brands,2267,"conagra brands, inc. ",en
Lyft,557,"lyft, inc.",en
Lyft,557,lyft inc,en
PNC Financial Services,2459,pnc financial services group,en
PNC Financial Services,2459,"natcity investments, inc.",en
PNC Financial Services,2459,pnc,en
PNC Financial Services,2459,"the pnc financial services group, inc.",en
PNC Financial Services,2459,"pnc financial services group, inc.",en
PNC Financial Services,2459,pnc financial services group inc,en
Mosaic Company,2421,mosaic co,en
Mosaic Company,2421,the mosaic co,en
Mosaic Company,2421,mosaic,en
Charter Communications,1985,"Charter Communications, Inc.",en
LyondellBasell,2401,basell polyolefins,en
LyondellBasell,2401,lyondellbasell industries,en
LyondellBasell,2401,lyondellbasell industries n.v.,en
LyondellBasell,2401,lyondell chemical company,en
LyondellBasell,2401,lyondellbasell industries holdings b.v.,en
LyondellBasell,2401,lyondellbasell industries nv,en
Pony.AI,204,"pony.ai, inc.",en
Pony.AI,204,pony.ai inc,en
M&T Bank,2402,m&t bank corp,en
M&T Bank,2402,manufacturers and traders bank,en
M&T Bank,2402,manufacturers and traders trust company,en
M&T Bank,2402,m&t bank corporation,en
M&T Bank,2402,first empire state corporation,en
M&T Bank,2402,m&t bank,en
OpenAI,6900,Open AI,en
Allegion,2202,allegion plc,en
Thermo Fisher Scientific,2509,thermo fisher scientific inc.,en
Consolidated Edison,2269,conedison,en
Consolidated Edison,2269,"consolidated edison company of new york, inc.",en
Consolidated Edison,2269,"conedison, inc,",en
Consolidated Edison,2269,con edison,en
Consolidated Edison,2269,consolidated edison inc,en
PPG Industries,2460,ppg,en
PPG Industries,2460,"ppg industries, inc.",en
PPG Industries,2460,"ppg industries ohio, inc.",en
Allergan,2203,allergan,en
Allergan,2203,"allergan pharmaceuticals, inc.",en
W.W. Grainger,2342,grainger,en
W.W. Grainger,2342,"w. w. grainger, inc.",en
W.W. Grainger,2342,w.w. grainger,en
PPL,2461,ppl corporation,en
PPL,2461,pp&l,en
PPL,2461,pennsylvania power & ligh,en
PPL,2461,ppl,en
Constellation Brands,2270,canandaigua brands,en
Constellation Brands,2270,cbrands,en
Constellation Brands,2270,"constellation brands, inc.",en
Graphcore,102,graphcore limited,en
Graphcore,102,graphcore ltd,en
Alliant Energy,2205,alliant energy,en
Alliant Energy,2205,alliant energy corporation,en
Character.ai,6905,Character Technologies,en
Copart,2272,copart,en
Copart,2272,"copart, inc.",en
Copart,2272,"copart, inc",en
Principal Financial Group,2462,"principal financial services, inc.",en
Principal Financial Group,2462,principal financial group inc,en
Principal Financial Group,2462,principal,en
Adept,6907,Adept AI,en
Adept,6907,Adept AI Labs,en
Alphabet,796,alphabet inc,en
Corning Incorporated,399,corning inc,en
Corning Incorporated,399,corning inc.,en
Corning Incorporated,399,corning,en
Procter & Gamble,639,procter & gamble co,en
Procter & Gamble,639,procter & gamble company,en
Procter & Gamble,639,p&g,en
Corteva,2273,corteva agriscience,en
Corteva,2273,corteva inc,en
Coty,2274,"cotytech, inc.",en
Coty,2274,coty,en
Coty,2274,"coty, inc.",en
Prologis,2463,"prologis, inc",en
Prologis,2463,prologis ventures,en
SAP,812,SAP SE,en
Altria Group,2206,philip morris companies. inc.,en
Altria Group,2206,altria,en
Altria Group,2206,"altria group, inc.",en
Zhipu AI,6912,Beijing Knowledge Atlas Technology Co Ltd,en
Zhipu AI,6912,Beijing Zhipu Huazhang Technology Co.,en
Coupang,400,"coupang co., ltd.",en
Coupang,400,coupang corp,en
Coupang,400,forward ventures,en
Coupang,400,"kupang co., ltd.",en
H&R Block,2343,block,en
H&R Block,2343,h & r block inc,en
H&R Block,2343,hrb digital llc,en
PSEG,2464,pse&g,en
PSEG,2464,pseg,en
PSEG,2464,public service enterprise group,en
PSEG,2464,public service enterprise group incorporated,en
PSEG,2464,public service electric and gas,en
PSEG,2464,public service enterprise group inc,en
PSEG,2464,public service enterprise group (pseg),en
Baichuan Intelligence,6913,Beijing Baichuan Intelligent Technology Co,en
Public Storage,2465,public storage inc.,en
ServiceNow,840,"ServiceNow, Inc.",en
Xiaopeng Motors,6914,Guangzhou Xiaopeng Motors Technology Co Ltd,en
Xiaopeng Motors,6914,XPeng,en
Amazon,23,amazon.com,en
Amazon,23,amazon.com inc,en
Habana Labs,104,habana labs ltd,en
Habana Labs,104,habana labs ltd.,en
Marathon Oil,2403,marathon oil corporation,en
Toyota,790,toyota motor corporation,en
BYD,6915,"BYD Auto Co., Ltd.",en
Amazon Advertising,324,"amazon ad, amz advertising, amazing ads",en
Marathon Petroleum,1826,marathon petroleum,en
Marathon Petroleum,1826,marathon petroleum corporation,en
Pultegroup,2466,pulte homes,en
Pultegroup,2466,"pultegroup, inc.",en
Pultegroup,2466,pulte group,en
PVH,2467,phillips-van heusen corporation,en
PVH,2467,pvh,en
PVH,2467,pvh corp,en
Moonshot AI,6917,Dark Side of the Moon,en
Moonshot AI,6917,"Beijing Dark Side of the Moon Technology Co., Ltd.",en
Amazon Web Services,326,"amazon web services, inc.",en
Amazon Web Services,326,aws,en
Amazon Web Services,326,amazon web services inc,en
Halliburton,2344,halliburton company,en
Halliburton,2344,halliburton,en
MarketAxess,2404,marketaxess holdings inc.,en
Tractor Supply Company,2511,tractor supply,en
Tractor Supply Company,2511,tractor supply co,en
Tractor Supply Company,2511,tsc,en
Kunlun Tech,6918,Kunlun Wanwei Technology Co.,en
Kunlun Tech,6918,Kunlun,en
Amcor,2207,amcor,en
Amcor,2207,amcor ltd,en
Hanesbrands,2345,hanesbrands,en
Hanesbrands,2345,hanesbrands inc.,en
Hanesbrands,2345,hanesbrands inc. ,en
Hanesbrands,2345,sara lee corporation,en
Enflame,6919,Shanghai Enflame Technology Co Ltd,en
Enflame,6919,Shanghai Suiyuan Tech Co Ltd,en
Enflame,6919,Beijing Suiyuan Intelligent Tech Co Ltd,en
Enflame,6919,Suiyuan Technology,en
Advanced Micro Devices,327,advanced micro devices inc,en
Advanced Micro Devices,327,advanced micro devices,en
Harley-Davidson,2346,harley-davidson inc.,en
Harley-Davidson,2346,harley-davidson motor company,en
Harley-Davidson,2346,harley,en
Harley-Davidson,2346,"h-d u.s.a., llc.",en
Marriott International,2405,marriott,en
Marriott International,2405,marriott international inc,en
Marriott International,2405,"marriott international, inc.",en
Marriott International,2405,marriott bonvoy,en
Marriott International,2405,marriott international,en
Qihoo 360,208,360 Security Technology Inc.,en
Qihoo 360,208,qihoo 360 technology,en
Qihoo 360,208,Qihoo Technology Company Limited,en
Qihoo 360,208,Qihoo 360 Technology Co. Ltd.,en
Qihoo 360,208,beijing qihu keji co. ltd.,en
Crown Castle International,2275,crowncastle,en
Crown Castle International,2275,crown castle,en
Marsh & Mclennan,2406,marsh & mclennan companies,en
Marsh & Mclennan,2406,marsh & mclennan companies inc,en
Marsh & Mclennan,2406,"marsh & mclennan companies, inc",en
Marsh & Mclennan,2406,mmc,en
Transdigm Group,2513,transdigm group,en
Transdigm Group,2513,transdigm group incorporated,en
Transdigm Group,2513,transdigm,en
Transdigm Group,2513,"transdigm group, inc.",en
Transdigm Group,2513,transdigm group inc.,en
Mistral,6921,Mistral AI,en
Ameren,2208,ameren,en
Ameren,2208,ameren services,en
Hartford Financial Services,2347,"the hartford financial services group, inc.",en
Hartford Financial Services,2347,hartford financial services group inc,en
Hartford Financial Services,2347,hartford investment management co.,en
Hartford Financial Services,2347,the hartford,en
Martin Marietta Materials,2407,martin marietta,en
Martin Marietta Materials,2407,martin marietta materials inc,en
China Mobile Communications,1820,"China Mobile Communications Group Co., Ltd.",en
Perplexity AI,6922,Perplexity,en
American Electric Power,2209,aep,en
American Electric Power,2209,american electric power company inc,en
CSX,2276,csx corp,en
CSX,2276,csx corporation,en
CSX,2276,csx,en
Qorvo,2468,"qorvo, inc.",en
Qorvo,2468,qorvo inc,en
Qorvo,2468,"qorvo, inc",en
American Express,328,american express company,en
American Express,328,american express co,en
American Express,328,amex,en
Hasbro,2348,hasbro,en
Masco,2408,masco,en
Masco,2408,masco corporation,en
Qualcomm,209,qualcomm incorporated,en
Qualcomm,209,"qualcomm technologies, inc.",en
Qualcomm,209,qualcomm inc,en
BlackSky Global,6924,BlackSky Aerospace,en
Quanta Services,2469,"quanta services, inc.",en
Quanta Services,2469,quanta services,en
Cummins,2277,cummins,en
Cummins,2277,cummins inc.,en
Mastercard,2409,mastercard,en
Mastercard,2409,mastercard incorporated,en
Mastercard,2409,mastercard inc,en
Mastercard,2409,mastercard international incorporated,en
Mastercard,2409,interbank card association,en
ECS,6926,ECS Federal LLC,en
Truist Financial,2514,truist financial corporation,en
Truist Financial,2514,truist,en
Truist Financial,2514,truist financial corp,en
MORSE,6927,Mission Oriented Rapid Solution Engineering,en
MORSE,6927,MORSECORP,en
American Tower,2210,american tower,en
American Tower,2210,american tower corporation,en
American Tower,2210,atc ip llc,en
American Tower,2210,american tower corp,en
Quest Diagnostics,2470,quest,en
Quest Diagnostics,2470,quest diagnostics incorporated,en
Quest Diagnostics,2470,quest diagnostics inc,en
Empower AI,6928,NCI Information Systems,en
American Water Works,2211,"american water works company, inc.",en
American Water Works,2211,american water works company inc,en
American Water Works,2211,american water works,en
American Water Works,2211,american water,en
Healthpeak Properties,2349,"healthpeak properties, inc.",en
Healthpeak Properties,2349,"healthpeak properties, inc",en
Healthpeak Properties,2349,healthpeak properties inc,en
Ameriprise Financial,2212,"ameriprise financial, inc.",en
Ameriprise Financial,2212,ameriprise financial inc,en
Ameriprise Financial,2212,ameriprise,en
Ameriprise Financial,2212,hudson peak wealth advisors,en
Royce Geo,6930,Royce Geospatial Consultants,en
D. R. Horton,2278,"d.r. horton, inc.",en
D. R. Horton,2278,dr horton,en
Maxar Technologies,802,"MacDonald, Dettwiler and Associates",en
Maxar Technologies,802,dettwiler and associates,en
Cencora,1803,amerisourcebergen,en
Cencora,1803,amerisourcebergen corporation.,en
Dahua Technology,1388,dahua,en
Ametek,2213,"ametek, inc.",en
Ametek,2213,ametek,en
Ametek,2213,elgar electronics corporation,en
Ametek,2213,ametek inc,en
Danaher,2279,danaher,en
Danaher,2279,danaher corporation,en
Helmerich & Payne,2350,helmerich and payne inc,en
Helmerich & Payne,2350,"helmerich & payne, inc.",en
Helmerich & Payne,2350,hpinc,en
Helmerich & Payne,2350,h&p,en
Tusimple,258,beijing tusimple future technology co ltd,en
Tusimple,258,"tusimple, inc.",en
Vricon,6933,Maxar Intelligence 3D,en
Darden Restaurants,2280,"darden restaurants, inc.",en
Henry Schein,2351,"henry schein, inc.",en
MiniMax,6934,Shanghai MInimax Technology Co Ltd,en
Amphenol,2214,amphenol corporation,en
Amphenol,2214,amphenol,en
McCormick,2410,mccormick & company,en
McCormick,2410,mccormick,en
McCormick,2410,mccormick & company inc,en
McCormick,2410,"mccormick & company, inc.",en
Ralph Lauren Corporation,2471,ralph lauren,en
Ralph Lauren Corporation,2471,ralph lauren corp,en
Hess Corporation,2353,hess corp,en
Hess Corporation,2353,hess,en
McDonald's,2412,mcdonald's corporation,en
McDonald's,2412,mcdonald's corp,en
McDonald's,2412,mcdonald's,en
Twitter,734,twitter inc.,en
APA Corporation,6937,Apache Corporation,en
APA Corporation,6937,Apache Oil Corporation,en
Analog Devices,331,analog devices international,en
Analog Devices,331,linear semiconductor sdn. bhd.,en
Analog Devices,331,analog devices inc,en
Analog Devices,331,Linear Semiconductor Sdn. Bhd.,en
McKesson,1794,mckesson corporation,en
McKesson,1794,mckesson,en
Arch Capital Group,6938,Arch Capital Group Ltd.,en
Arch Capital Group,6938,Arch Capital,en
Databricks,410,"databricks, inc.",en
HP,833,hewlett packard co.,en
McKinsey & Company,566,"mckinsey & company, inc.",en
McKinsey & Company,566,mckinsey,en
McKinsey & Company,566,"mckinsey & company, inc",en
McKinsey & Company,566,mckinsey & company inc,en
Axon Enterprise,6939,taser international,en
Anduril Industries,24,"anduril industries, inc.",en
Anduril Industries,24,anduril,en
Hewlett Packard Enterprise,487,hewlett packard enterprise co,en
Hewlett Packard Enterprise,487,hewlett-packard enterprise,en
Hewlett Packard Enterprise,487,hewlett packard enterprise company,en
Hewlett Packard Enterprise,487,hewlett packard enterprise development lp,en
Raymond James Financial,2472,"raymond james financial services, inc.",en
Raymond James Financial,2472,raymond james technology and communications investment banking group,en
Raymond James Financial,2472,raymond james,en
Dataminr,62,dataminr inc,en
Dataminr,62,ebh enterprises inc,en
Uber,737,ubercab,en
Uber,737,uber technologies inc.,en
Uber,737,ubercab.com,en
Bio-Techne,6941,Bio-Techne,en
Bio-Techne,6941,Bio-Techne Corporation,en
RTX,815,raytheon technologies corporation,en
RTX,815,united technologies corporation,en
RTX,815,raytheon,en
Ansys,2215,"ansys, inc",en
Ansys,2215,"ansys, inc.",en
Ansys,2215,ansys inc,en
Datarobot,63,datarobot inc,en
Datarobot,63,"datarobot, inc.",en
Hikvision,106,hikvision digital technology,en
Hikvision,106,"hangzhou hikvision digital technology co., ltd.",en
Hilton Worldwide Holdings,2354,hilton worldwide,en
Hilton Worldwide Holdings,2354,hilton,en
Hilton Worldwide Holdings,2354,hilton hotels corporation,en
Aon,2216,aon,en
Davita,2281,davita,en
AP Moller - Maersk,2010,maersk,en
Medtronic,1553,medtronic plc,en
Realty Income Corporation,2473,realty income,en
Realty Income Corporation,2473,realty income corp.,en
Apache Corporation,2218,apache corp,en
Apache Corporation,2218,apache,en
UDR,2515,udr inc,en
UDR,2515,udr,en
UDR,2515,united dominion realty trust®,en
UDR,2515,united dominion residential communities,en
Chubb,2084,ACE Limited,en
Apartment Investment & Management,2219,apartment investment and management company,en
Apartment Investment & Management,2219,aimco,en
Apartment Investment & Management,2219,apartment investment and management co.,en
Megvii,161,megvii technology limited.,en
Megvii,161,megvii technology,en
Megvii,161,megvii inc,en
Hologic,2356,"hologic, inc.",en
Hologic,2356,hologic inc,en
Hologic,2356,"hologic, inc",en
Citi,809,Citigroup.com,en
Citi,809,"Citigroup, Inc.",en
Appier,26,appier.com,en
Appier,26,appier inc.,en
Regency Centers Corporation,2474,regency centers corp,en
Regency Centers Corporation,2474,regency centers,en
Corpay,6950,Corpay,en
Corpay,6950,Corpay Inc,en
Corpay,6950,Fleetcor,en
Corpay,6950,FLEETCOR Technologies,en
Apple,27,"apple, inc.",en
Apple,27,apple inc.,en
Apple,27,apple inc,en
Deepblue Technology,67,"DeepBlue Technology （Shanghai） Co.,Ltd",en
Honda,795,"Honda modor co, ltd",en
Regions Financial,2475,regions financial,en
Regions Financial,2475,regions financial corporation,en
Regions Financial,2475,regions bank,en
CoStar Group,6951,CoStar Group Inc.,en
Applied Materials,335,applied materials inc,en
Applied Materials,335,"applied materials, inc.",en
Mentor Graphics,570,mentor graphics corp,en
Mentor Graphics,570,mentor,en
Ulta Beauty,2516,"ulta beauty, inc.",en
Dayforce,6952,Ceridian,en
Deepglint,69,beijing deepglint technology limited,en
Deepglint,69,geling shentong,en
Deepglint,69,deep glint,en
Deepglint,69,"beijing deepglint technology co., ltd.",en
Honeywell International,846,alliedsignal,en
Honeywell International,846,honeywell,en
Honeywell International,846,honeywell international,en
Merck,1492,Merck & Co.,en
Merck,1492,merck sharp & dohme,en
Merck,1492,MSD,en
Coca-Cola,2096,The Coca Cola Company,en
Coca-Cola,2096,Coke,en
Deckers Brands,6953,Deckers Brands,en
Deckers Brands,6953,Deckers Outdoor Corporation,en
Republic Services,2476,"republic services, inc.",en
Republic Services,2476,republic services ,en
Synopsys,845,Synopsys,en
Cognizant,806,Cognizant Technology Solutions,en
Cognizant,806,Cognizant Technology Solutions U.S. Corporation,en
T-Mobile,831,"T-MOBILE USA, INC.",en
T-Mobile,831,"T-Mobile US, Inc.",en
EQT,6955,Equitable Resources,en
Horizon Robotics,110,beijing horizon robotics technology development co ltd,en
Horizon Robotics,110,"horizon robotics, inc.",en
Resmed,2477,resmed corp.,en
Resmed,2477,resmed inc.,en
Deepmind,414,"deepmind, google uk",en
Deepmind,414,deepmind technologies ltd,en
Deepmind,414,deepmind technologies limited,en
Deepmind,414,google deepmind,en
Hormel Foods,2357,hormel foods corporation,en
Hormel Foods,2357,hormel foods,en
Under Armour,2518,under armour.,en
Under Armour,2518,"under armour®, inc.",en
Under Armour,2518,"under armour, inc.",en
Fair Isaac,6957,FICO,en
Fair Isaac,6957,Fair Isaac Corporation,en
Fair Isaac,6957,"Fair, Isaac and Company",en
Aptiv,336,aptiv plc,en
Aptiv,336,delphi automotive,en
Host Hotels & Resorts,2358,"host hotels & resorts, inc.",en
Host Hotels & Resorts,2358,"host hotels & resorts, l.p.",en
Union Pacific,2519,union pacific corporation,en
Union Pacific,2519,union pacific railroad,en
Union Pacific,2519,union pacific railroad company,en
Union Pacific,2519,union pacific,en
Franklin Templeton,6959,Franklin Resources,en
Mettler Toledo,2413,mettler-toledo international inc,en
Mettler Toledo,2413,mettler-toledo international inc.,en
ConocoPhillips,2029, Phillips Petroleum Company,en
ConocoPhillips,2029,Phillips 66,en
ConocoPhillips,2029, Phillips Petroleum Company,en
GE Aerospace,6960,General Electric,en
MGM Resorts International,2414,mgm resorts,en
MGM Resorts International,2414,mgm mirage ,en
GE Vernova,6962,"GE Vernova, Inc.",en
Arista Networks,2220,"arista networks, inc.",en
Arista Networks,2220,arista,en
Arista Networks,2220,arastra,en
Howmet Aerospace,2359,howmet aerospace inc.,en
Howmet Aerospace,2359,howmet corp.,en
Microchip Technology,2415,microchip,en
Microchip Technology,2415,microchip technology inc.,en
United Parcel Service,1875,"united parcel service of america, inc.",en
United Parcel Service,1875,ups,en
United Parcel Service,1875,"united parcel service, inc.",en
United Parcel Service,1875,united parcel service,en
Costco Wholesale,1805,Costco Wholesale Corporation,en
Costco Wholesale,1805,Costco,en
Teradyne,3092,"Teradyne, Inc.",en
Arm,338,arm ltd,en
Arm,338,arm limited,en
Arm,338,arm holdings,en
Deloitte Touche Tohmatsu,804,dttl,en
Deloitte Touche Tohmatsu,804,deloitte,en
Deloitte Touche Tohmatsu,804,deloitte touche tohmatsu limited,en
Deloitte Touche Tohmatsu,804,deloitte touche tohmatsu ltd,en
Huawei,112,"huawei technologies co., ltd.",en
Huawei,112,huawei technologies,en
Microsoft,163,microsoft corporation,en
Microsoft,163,microsoft corp,en
United Rentals,2521,united rentals inc,en
United Rentals,2521,united rentals,en
Coterra,3101,"Coterra Energy, Inc.",en
Coterra,3101,Coterra Energy Inc.,en
Coterra,3101,Coterra Energy,en
Generac,6964,Generac,en
Generac,6964,"Generac Holdings, Inc.",en
UnitedHealth Group,818,unitedhealth group,en
UnitedHealth Group,818,unitedhealth group inc.,en
Home Depot,836,"Home Depot Product Authority, LLC",en
Universal Health Services,2522,universal health services inc,en
Universal Health Services,2522,universal health services,en
Universal Health Services,2522,"universal health services, inc. (uhs)",en
Universal Health Services,2522,uhs,en
Invitation Homes,6966,Invitation Homes,en
Invitation Homes,6966,Invitation Homes Inc,en
Mid-America Apartments,2416,mid-america apartment communities,en
Mid-America Apartments,2416,maa,en
Mid-America Apartments,2416,"mid-america apartment communities, inc.",en
Mid-America Apartments,2416,mid-america apartment communities inc,en
Unum Group,2523,unum insurance,en
Unum Group,2523,unum,en
Humana,1913,"humana, inc",en
Humana,1913,humana,en
Humana,1913,"humana, inc.",en
Robert Half International,2478,robert half,en
Robert Half International,2478,robert half international inc.,en
TJX,2027,"The TJX Companies, Inc.",en
Kenvue,6968,Kenvue Inc,en
Dentsply Sirona,2282,dentsply sirona inc,en
Dentsply Sirona,2282,dentsply international,en
Huntington Bancshares,2360,huntington bancshares incorporated,en
Huntington Bancshares,2360,huntington national bank,en
Huntington Ingalls Industries,2361,"huntington ingalls industries, inc.",en
Huntington Ingalls Industries,2361,hii,en
Huntington Ingalls Industries,2361,"huntington ingalls industries, inc. ",en
Huntington Ingalls Industries,2361,huntington ingalls industries,en
Lululemon Athletica,6970,Lululemon,en
Lululemon Athletica,6970,Lululemon Athletica Inc,en
Arthur J. Gallagher & Co.,2221,gallagher,en
Arthur J. Gallagher & Co.,2221,arthur j. gallagher,en
Arthur J. Gallagher & Co.,2221,ajg,en
Roche,663,f. hoffmann-la roche ltd,en
Roche,663,f hoffmann la roche ag,en
CVS Health,1796,CVS/pharmacy,en
CVS Health,1796,CVS Health Corporation,en
CVS Health,1796,CVS,en
Match Group,6971,okcupid,en
Match Group,6971,hinge,en
Match Group,6971,match.com,en
Match Group,6971,plenty of fish,en
Match Group,6971,tinder,en
Match Group,6971,meetic,en
Mininglamp,166,mininglamp tech,en
Mininglamp,166,mingluo technology,en
Mininglamp,166,beijing mininglamp software system co ltd,en
Mininglamp,166,mininglamp technology,en
Mininglamp,166,mininglamp,en
Rockwell Automation,2479,rockwell automation inc,en
Rockwell Automation,2479,ra,en
Rockwell Automation,2479,"rockwell automation, inc.",en
Rockwell Automation,2479,rockwell automation,en
V.F. Corporation,2524,vf corp.,en
V.F. Corporation,2524,vf corporation,en
Monolithic Power Systems,6973,Chengdu Monolithic Power Systems,en
Devon Energy,2283,devon energy corporation,en
Devon Energy,2283,devon energy corp,en
Rollins,2480,rollins inc,en
Rollins,2480,rollins,en
Rollins,2480,"rollins, inc.",en
Valero Energy,1821,valero,en
Valero Energy,1821,valero refining,en
Valero Energy,1821,valero energy corporation,en
Valero Energy,1821,valero energy,en
Valero Energy,1821,valero producing,en
ON Semiconductor,6975,Onsemi,en
ON Semiconductor,6975,ON Semiconductor Corporation,en
Assurant,2222,"assurant, inc.",en
Mitsubishi,786,三菱グループ,en
Vanguard,743,vanguard group inc,en
Vanguard,743,the vanguard group,en
Vanguard,743,"the vanguard group, inc",en
Deere,2037,John Deere,en
Deere,2037,John Deere GmbH & Co. KG,en
Deere,2037,Deere & Company,en
PG&E Corporation,6976,Pacific Gas and Electric Company,en
IBM,115,international business machines corp,en
IBM,115,international business machines corporation,en
IBM,115,international business machines,en
IBM,115,computing tabulating recording,en
Delta Air Lines,1981,"Delta Air Lines, Inc.",en
Travelers Companies,2111,"The Travelers Companies, Inc.",en
Astrazeneca,341,astrazeneca plc,en
Roper Technologies,2481,roper,en
Roper Technologies,2481,"roper industries, inc.",en
AT&T,805,at&t inc.,en
AT&T,805,at&t,en
Diamondback Energy,2284,diamondback energy inc,en
Diamondback Energy,2284,"diamondback energy, inc.",en
Diamondback Energy,2284,diamondback,en
Ross Stores,2482,ross,en
Ross Stores,2482,"ross stores, inc.",en
Tyler Technologies,3093,"Tyler Technologies, Inc.",en
Solventum,6979,Solventum Corporation,en
Didi Chuxing,76,didi chuxing technology co.,en
Didi Chuxing,76,北京小桔科技有限公司,en
Didi Chuxing,76,didi chuxing technology co ltd,en
Didi Chuxing,76,didi chuxing,en
Didi Chuxing,76,"Beijing DiDi Infinity Technology and Development Co., Ltd.",en
Didi Chuxing,76,beijing xiaoju technology co.,en
Royal Caribbean Cruises,2483,royal caribbean cruises,en
Royal Caribbean Cruises,2483,royal caribbean group,en
Tyson Foods,2018,"Tyson Foods, Inc.",en
Steel Dynamics,6980,"Steel Dynamics, Inc (SDI)",en
Steel Dynamics,6980,"Steel Dynamics, Inc",en
Atmos Energy,2223,atmos energy corp,en
Atmos Energy,2223,atmos energy marketing llc.,en
Atmos Energy,2223,atmos energy corporation,en
Atmos Energy,2223,atmos energy marketing,en
Royal Dutch Shell,682,shell global,en
Royal Dutch Shell,682,royal dutch shell,en
Royal Dutch Shell,682,the royal dutch petroleum company,en
Ventas,2526,ventas,en
Ventas,2526,"ventas, inc.",en
U.S. Bancorp,2175,U.S. Bancorp Fund Services,en
U.S. Bancorp,2175,U.S. Bancorp Asset Management,en
Supermicro,6981,"Super Micro Computer, Inc.",en
Digital Realty Trust,2285,"digital realty trust, inc.",en
Digital Realty Trust,2285,digital realty,en
Deutsche Telekom,1390,Deutsche Telekom AG,en
Targa Resources,6982,Targa Resources Corp,en
Targa Resources,6982,Targa Resources,en
DexCom,3088,"DexCom, Inc.",en
Idex Corporation,2362,idex,en
Idex Corporation,2362,idex corp,en
Verisign,2527,verisign,en
Discover Financial Services,835,DFS,en
Dish Network,2288,dish network l.l.c.,en
Dish Network,2288,dish network corp,en
Dish Network,2288,dish network corporation,en
Dish Network,2288,dish,en
Idexx Laboratories,2363,"idexx laboratories, inc. ",en
Idexx Laboratories,2363,idexx,en
Idexx Laboratories,2363,idexx laboratories inc,en
Idexx Laboratories,2363,"idexx laboratories, inc.",en
Verisk Analytics,2528,verisk analytics®,en
Verisk Analytics,2528,verisk,en
Verisk Analytics,2528,"verisk analytics, inc. (verisk)",en
Verisk Analytics,2528,iso,en
Verisk Analytics,2528,"verisk analytics, inc.",en
Disney,1383,Walt Disney Co Ltd,en
Disney,1383,The Walt Disney Company,en
Vici Properties,6985,Vici Properties,en
Vici Properties,6985,Vici Properties Inc.,en
Mohawk Industries,2417,"mohawk industries, inc.",en
Mohawk Industries,2417,mohawk industries inc,en
Mohawk Industries,2417,mohawk,en
S&P Global,668,mcgraw hill financial,en
S&P Global,668,s&p global inc.,en
Dollar General,2178,Dollar General Corporation,en
United Airlines,2009,"United Airlines, Inc.",en
United Airlines,2009,"United Continental Holdings, Inc.",en
Molson Coors Brewing Company,2418,molson coors beverage co,en
Molson Coors Brewing Company,2418,molson coors,en
Verizon Media,746,verizon media llc,en
Domino's Pizza,3089,"Domino's Pizza, Inc.",en
Autodesk,345,"autodesk, inc.",en
Autodesk,345,autodesk inc,en
DJI,78,"Shenzhen dji technology co., ltd.",en
DJI,78,dji innovations,en
DJI,78,dji international co ltd,en
IFlyTek,122,"keda xunfei co., ltd.",en
IFlyTek,122,iflytek co ltd,en
IFlyTek,122,anhui ustc iflytek science and technology co. ltd.,en
Automatic Data Processing,2224,adp,en
Automatic Data Processing,2224,"automatic data processing, inc.",en
DuPont,1780,"DuPont de Nemours, Inc.",en
DuPont,1780,DuPont Alumni Founded Companies,en
Illinois Tool Works,2365,itw,en
Illinois Tool Works,2365,illinois tool works inc.,en
Salesforce,219,Salesforce Alumni Founded Companies,en
Salesforce,219,salesforce.com inc.,en
Salesforce,219,salesforce.com,en
Salesforce,219,salesforce ventures llc,en
Salesforce,219,Salesforce Portfolio Companies,en
Illumina,501,illumina inc,en
Illumina,501,"illumina, inc.",en
Monster Beverage,2419,monster energy company,en
Monster Beverage,2419,monster beverage corporation,en
Monster Beverage,2419,monster beverage corp,en
Monster Beverage,2419,monster energy,en
Vertex Pharmaceuticals,2529,vertex pharmaceuticals incorporated,en
Vertex Pharmaceuticals,2529,vertex pharmaceuticals,en
Moody's,2420,moody's,en
Moody's,2420,moody's investors service,en
Moody's,2420,"moody’s investors service, inc.",en
AutoZone,2225,"autozone, inc.",en
AutoZone,2225,autozone,en
Dollar Tree,2289,"dollar tree, inc",en
Dollar Tree,2289,"dollar tree, inc.",en
Dollar Tree,2289,dollar tree inc,en
Avalonbay Communities,2226,avalonbay,en
Avalonbay Communities,2226,"avalonbay, inc.",en
Avalonbay Communities,2226,"avalonbay, inc",en
Dominion Energy,2290,dominion energy inc,en
Dominion Energy,2290,dominion energy technologies,en
Samsung,671,samsung electronics co ltd,en
Samsung,671,samsung electronics,en
Samsung,671,"samsung electronics co., ltd.",en
Elevance Health,1831," Elevance Health, Inc.",en
Elevance Health,1831,"Anthem, Inc.",en
Elevance Health,1831,Anthem,en
Vista Equity Partners,3159,"Vista Equity Partners Management, LLC",en
Avery Dennison,2227,avery dennison corporation,en
Avery Dennison,2227,avery dennison,en
Morgan Stanley,585,morgan stanley & co.,en
Elliott Management,3158,Elliot Management Corporation,en
Elliott Management,3158,Elliott Investment Management,en
Elliott Management,3158,Elliott Investment Management L.P.,en
Volkswagen,1037,Volkswagen AG,en
Dover Corporation,2291,dover corp,en
Dover Corporation,2291,dover,en
Motorola Solutions,2422,"motorola solutions, inc. (nyse: msi)",en
Motorola Solutions,2422,"motorola solutions, inc.",en
Motorola Solutions,2422,motorola,en
Motorola Solutions,2422,motorola solutions inc,en
Motorola Solutions,2422,"motorola mobility holdings, inc.",en
Motorola Solutions,2422,motorola inc.,en
Motorola Solutions,2422,motorola solutions,en
Vontier,3098,Vontier Corporation,en
Dow,2292,dow chemical co,en
Dow,2292,Dow Jones Industrial Average,en
Dow,2292,dow,en
Dow,2292,the dow company,en
Incyte,2366,incyte corporation,en
Incyte,2366,incyte corp,en
Walgreens Boots Alliance,1809,WBA,en
Walgreens Boots Alliance,1809,"WALGREENS BOOTS ALLIANCE, INC.",en
Warner Bros. Discovery,3162,"Warner Bros. Discovery, Inc.",en
Baidu,37,baidu inc,en
SBA Communications,2484,sba communications corp,en
SBA Communications,2484,sba,en
SBA Communications,2484,sba communications corporation,en
Visa,2190,visa inc.,en
Visa,2190,"visa, inc",en
Visa,2190,"visa, inc.",en
Enphase Energy,3161,Enphase,en
Enphase Energy,3161,Enphase Energy Inc,en
Enphase Energy,3161,"Enphase Energy, Inc.",en
WellCare,3102,"WellCare Health Plans, Inc.",en
Dropbox,423,"dropbox, inc.",en
Dropbox,423,dropbox inc,en
Ingersoll Rand,2367,trane technologies,en
Ingersoll Rand,2367,american standard companies,en
Ingersoll Rand,2367,"ingersoll rand, inc.",en
Ingersoll Rand,2367,the trane company,en
Ingersoll Rand,2367,trane,en
Scale AI,220,"scale ai, inc.",en
Wells Fargo,807,WELLS FARGO BANK NA,en
Wells Fargo,807,Wells Fargo & Co,en
Wells Fargo,807,Wells Fargo & Company,en
DTE Energy,2293,dte energy,en
DTE Energy,2293,dte,en
Msci,2423,msci,en
Msci,2423,msci barra,en
Msci,2423,morgan stanley capital international,en
Duke Energy,2294,duke energy corp,en
Duke Energy,2294,duke energy corporation,en
Schlumberger,676,schlumberger nv,en
Schlumberger,676,slb global,en
Schlumberger,676,schlumberger limited,en
Ball,2228,ball corporation,en
Etsy,3090,"Etsy, Inc.",en
Baxter International,2230,"baxter international, inc.",en
Baxter International,2230,baxter,en
Baxter International,2230,baxter international,en
Duolingo,424,"duolingo, inc.",en
Duolingo,424,duolingo inc,en
Duolingo,424,"duolingo, inc",en
Exelon,2049,Exelon Corp,en
Exelon,2049,Exelon Corporation,en
DXC Technology,2296,dxc technology co,en
DXC Technology,2296,computer sciences corporation,en
Vornado Realty Trust,2531,vornado,en
Vornado Realty Trust,2531,vornado realty l.p.,en
Expedia Group,822,"Expedia, Inc",en
Expedia Group,822,Expedia,en
ExxonMobil,1385,XOM,en
ExxonMobil,1385,Exxon Mobil Corporation.,en
Becton Dickinson,2231,"becton, dickinson and co.",en
Becton Dickinson,2231,"becton, dickinson and company",en
Seagate Technology,2485,seagate technology llc,en
Seagate Technology,2485,seagate,en
Seagate Technology,2485,seagate technology plc,en
Seagate Technology,2485,seagate technology plc.,en
Sealed Air,2486,sealed air corp,en
Sealed Air,2486,sealed air corporation,en
Sealed Air,2486,SEE,en
Eastman Chemical,2298,eastman chemical co,en
Eastman Chemical,2298,eastman chemical company,en
Eastman Chemical,2298,eastman,en
Vulcan Materials,2532,vulcan materials company,en
Vulcan Materials,2532,vulcan materials co,en
Vulcan Materials,2532,vulcan,en
Eaton Corporation,427,eaton corporation inc,en
Eaton Corporation,427,eaton corporation,en
Eaton Corporation,427,eaton corporation plc.,en
Eaton Corporation,427,eaton corp,en
Eaton Corporation,427,eaton,en
Intel,127,N M Electronics,en
Intel,127,intel corp,en
Intel,127,integrated and electronics,en
Intel,127,intel corporation,en
Nasdaq,2425,nasdaq,en
W. R. Berkley Corporation,2533,w. r. berkley,en
W. R. Berkley Corporation,2533,w. r. berkley corp,en
W. R. Berkley Corporation,2533,berkley,en
Wabtec Corporation,2534,westinghouse air brake technologies corporation (wabtec),en
Wabtec Corporation,2534,wabtec corp,en
Wabtec Corporation,2534,wabtec,en
Ebay,429,ebay inc,en
Ebay,429,ebay inc.,en
Walmart,793,"Walmart, Inc.",en
Walmart,793,"Walmart, Inc",en
Walmart,793,Walmart Inc,en
Ecolab,2299,ecolab,en
Ecolab,2299,economics laboratory,en
Sempra Energy,2487,sempra energy®,en
Sempra Energy,2487,sempra energy (nyse: sre),en
Sempra Energy,2487,aig trading,en
Edison International,2300,edison international,en
Waste Management,2535,"wm intellectual property holdings, l.l.c.",en
Waste Management,2535,waste management,en
Edwards Lifesciences,2301,edwards lifesciences corporation,en
Intercontinental Exchange,2368,"intercontinental exchange, inc.",en
Intercontinental Exchange,2368,intercontinentalexchange,en
NEC,1126,nec global,en
NEC,1126,western electric,en
Waters Corporation,2536,waters corp,en
Waters Corporation,2536,waters,en
Waters Corporation,2536,waters division,en
Fujitsu,1125,Fujitsu Limited,en
Ehang,83,guangzhou ehang intelligent technology co. ltd,en
Ehang,83,ehang inc,en
Sensetime,223,beijing sensetime technology development co ltd,en
Sensetime,223,sensetime group ltd.,en
Waymo,762,waymo llc,en
Waymo,762,google self-driving car project,en
Waymo,762,the google car,en
Waymo,762,waymo - google self-driving car project,en
International Paper,2369,international paper co,en
Netapp,2427,net app,en
Netapp,2427,"netapp, inc.",en
Netflix,176,netflix inc,en
Netflix,176,netflix com inc,en
Netflix,176,"netflix, inc.",en
Biogen,1536,biogen inc.,en
Electronic Arts,1671,Electronic Arts Inc.,en
Interpublic Group Of Companies,2370,interpublic,en
Interpublic Group Of Companies,2370,interpublic group,en
Interpublic Group Of Companies,2370,ipg,en
Interpublic Group Of Companies,2370,interpublic group of companies inc,en
Interpublic Group Of Companies,2370,"the interpublic group of companies, inc.",en
WEC Energy Group,2537,wec energy group inc.,en
International Flavors & Fragrances,2371,iff,en
International Flavors & Fragrances,2371,"international flavors & fragrances, inc.",en
Newell Brands,2428,newell rubbermaid,en
Newell Brands,2428,newell company,en
Newell Brands,2428,newell brands inc.,en
Bitmain Technologies,43,bitmain,en
Bitmain Technologies,43,bitmain technologies holding company,en
Bitmain Technologies,43,bite dalu,en
Bitmain Technologies,43,bitmain technologies inc.,en
Newmont Corporation,2429,newmont,en
Newmont Corporation,2429,newmont goldcorp,en
Newmont Corporation,2429,newmont mining corporation,en
Newmont Corporation,2429,newmont mining,en
Intuit,514,intuit inc.,en
Intuit,514,"intuit, inc.",en
Intuit,514,"intuit, inc",en
News Corporation,2430,news corporation,en
News Corporation,2430,news corp,en
News Corporation,2430,news corp.,en
Welltower,2538,health care reit,en
Welltower,2538,welltower,en
Eli Lilly And Company,434,eli lilly and co,en
Western Digital,2539,wdc,en
Western Digital,2539,western digital corp,en
Western Digital,2539,western digital corporation,en
Western Digital,2539,"western digital technologies, inc.",en
Intuitive Surgical,1516,intuitive,en
Western Union,2540,western union,en
Elsevier,436,reed elsevier,en
Elsevier,436,elsevier bv,en
Elsevier,436,elsevier ltd,en
Nextera Energy,2432,"nextera energy, inc.",en
Sherwin-Williams,2488,sherwin-williams company,en
Sherwin-Williams,2488,sherwin-williams co,en
Sherwin-Williams,2488,the sherwin-williams company,en
Blackrock,358,blackrock inc,en
Blackrock,358,blackrock brasil,en
Blackrock,358,"blackrock, inc.",en
Blackrock,358,blackrock capital investment corporation,en
Emerson Electric Company,2302,emerson electric,en
Emerson Electric Company,2302,emerson electric co,en
Emerson Electric Company,2302,emerson,en
Invesco,2372,invesco,en
Nike,830,"Nike, Inc",en
Nike,830,"Nike, Inc.",en
Nike,830,Nike Inc,en
Westrock,2541,westrock co,en
Westrock,2541,westrock company,en
Westrock,2541,westrock paper and packaging llc,en
Nio,596,nextcar,en
Nio,596,nio inc.,en
Nio,596,nio limited,en
Nio,596,"shanghai weilai automobile co., ltd",en
Nio,596,blue sky coming,en
Nio,596,nextev,en
Siemens,789,siemens AG,en
Weyerhaeuser,2542,weyerhaeuser company,en
Weyerhaeuser,2542,weyerhaeuser co,en
Bloomberg,359,bloomberg business,en
Bloomberg,359,bloomberg l.p.,en
IPG Photonics,2373,ipg photonics corporation,en
IPG Photonics,2373,ipg photonics,en
Siemens Healthineers,683,siemens healthcare gmbh,en
Siemens Healthineers,683,siemens healthcare,en
Whirlpool,2543,whirlpool corporation,en
Whirlpool,2543,whirlpool,en
HCA Healthcare,1963,"HCA Holdings, Inc.",en
HCA Healthcare,1963,"HCA Management Services, L.P.",en
HCA Healthcare,1963,Hospital Corporation of America,en
HCA Healthcare,1963,HEALTHCARE CORP OF AMERICA,en
Nisource,2433,nipsco industries,en
Nisource,2433,nisource,en
Nissan Motor Corporation,597,nissan,en
Nissan Motor Corporation,597,"nissan motor co., ltd.",en
Nissan Motor Corporation,597,nissan motor,en
IQVIA,516,iqvia inc,en
IQVIA,516,iqvia holding inc,en
Williams Companies,2544,williams,en
Williams Companies,2544,"williams companies, inc.",en
Entergy,2303,entergy corporation,en
Entergy,2303,entergy,en
Willis Towers Watson,2545,willis towers watson public limited company,en
Willis Towers Watson,2545,willis towers watson plc,en
Woodward,2826,"woodward, inc.",en
Woodward,2826,woodward,en
Iron Mountain,2374,iron mountain,en
Iron Mountain,2374,iron mountain inc,en
Boeing,784,boeing company,en
Boeing,784,boeing co,en
Boeing,784,the boeing company,en
Boeing,784,boeing,en
EOG Resources,2304,"eog resources, inc",en
EOG Resources,2304,enron oil & gas company,en
Nordstrom,2435,"nordstrom, inc.",en
Nordstrom,2435,nordstrom inc,en
Simon Property Group,2489,simon,en
Simon Property Group,2489,"simon property group, inc.",en
Simon Property Group,2489,"simon property group, l.p.",en
Simon Property Group,2489,"simon property group, inc. (nyse: spg)",en
Simon Property Group,2489,simon property group,en
Booking.com,2232,booking holdings,en
Booking.com,2232,"booking holdings, inc.",en
Equifax,2305,equifax,en
Equifax,2305,"equifax, inc.",en
Equifax,2305,talx,en
J. B. Hunt Transport Services,2377,jb hunt,en
J. B. Hunt Transport Services,2377,"j.b. hunt transport, inc.",en
J. B. Hunt Transport Services,2377,"j.b. hunt transport services, inc.",en
Norfolk Southern,2436,norfolk southern,en
Norfolk Southern,2436,norfolk southern corp,en
Norfolk Southern,2436,norfolk southern railway company,en
Norfolk Southern,2436,norfolk southern corporation,en
Norfolk Southern,2436,norfolk southern railway,en
Norfolk Southern,2436,norfolk southern railroad,en
Equinix,2306,"equinix, inc.",en
J.P. Morgan,518,jpmorgan,en
J.P. Morgan,518,jp morgan,en
J.P. Morgan,518,j.p. morgan,en
J.P. Morgan,518,constellation venture partners,en
J.P. Morgan,518,jpmorgan chase & co.,en
Booz Allen Hamilton,364,booz digital,en
Booz Allen Hamilton,364,booz allen hamilton inc.,en
Equity Residential,2307,equity apartments,en
Northern Trust,2437,northern trust,en
Northern Trust,2437,northern trust corporation,en
Borgwarner,2233,borgwarner inc.,en
Borgwarner,2233,borgwarner inc,en
Jack Henry & Associates,2375,jack henry & associates inc,en
Jack Henry & Associates,2375,"jack henry & associates, inc.",en
Northrop Grumman,599,northrop grumman corp,en
Northrop Grumman,599,northrop grumman corporation,en
Bosch,800,the bosch group,en
Ernst & Young,808,ernst & young limited,en
Ernst & Young,808,ernst & young global limited,en
Ernst & Young,808,ernst & young,en
Ernst & Young,808,ey,en
Jacobs Engineering Group,2376,jacobs,en
Wynn Resorts,2546,wynn resorts,en
Wynn Resorts,2546,"wynn resorts, limited",en
Wynn Resorts,2546,wynn las vegas,en
Norwegian Cruise Line Holdings,2439,norwegian cruise line holdings ltd. (nyse:nclh),en
Norwegian Cruise Line Holdings,2439,ncl,en
Norwegian Cruise Line Holdings,2439,norwegian cruise line,en
Norwegian Cruise Line Holdings,2439,norwegian cruise line holdings ltd.,en
Norwegian Cruise Line Holdings,2439,norwegian cruise line holdings ltd,en
Skyworks Solutions,2490,skyworks solutions inc,en
Skyworks Solutions,2490,"skyworks solutions, inc.",en
Skyworks Solutions,2490,skyworks,en
Essex Property Trust,2308,essex property trust,en
Jane Street,519,jane street group llc,en
Jane Street,519,"jane street group, llc.",en
Jane Street,519,jane street capital,en
SL Green Realty,2491,sl green realty corp.,en
SL Green Realty,2491,slg,en
SL Green Realty,2491,sl green,en
Xcel Energy,2547,xcel energy,en
Xcel Energy,2547,xcel energy inc.,en
Boston Properties,2234,"boston properties, inc.",en
Boston Properties,2234,bxp,en
Estée Lauder,2309,the estée lauder companies,en
Estée Lauder,2309,estée lauder,en
Estée Lauder,2309,estee lauder companies inc,en
NOV,2426,NOV Inc,en
NOV,2426,national oilwell varco,en
NOV,2426,"NOV, Inc.",en
NOV,2426,national oilwell varco inc.,en
NOV,2426,nov,en
Xerox,787,xerox holdings corporation,en
Boston Scientific,2235,boston scientific corporation,en
Boston Scientific,2235,boston scientific corp,en
Xiaohongshu (Little Red Book),279,little red book,en
Xiaohongshu (Little Red Book),279,xiaohongshu,en
Xiaohongshu (Little Red Book),279,"xingyin information technology (shanghai) co., ltd.",en
Xiaohongshu (Little Red Book),279,"information technology (shanghai) co., ltd.",en
Xiaohongshu (Little Red Book),279,xingyin xinxi keji (shanghai) youxian gongsi,en
Xiaohongshu (Little Red Book),279,xingyin information technology shanghai co ltd,en
Everest Re,2312,everest re group,en
Everest Re,2312,everest reinsurance company,en
Everest Re,2312,everest reinsurance,en
Evergy,2310,"evergy, inc",en
Evergy,2310,evergy inc,en
Evergy,2310,"evergy, inc.",en
NRG Energy,2440,"nrg energy, inc.",en
NRG Energy,2440,nrg,en
Eversource Energy,2311,eversource,en
Eversource Energy,2311,northeast utilities,en
JD.com,133,"Jd.Com, Inc.",en
Jabil,3123,"Jabil Energy, Inala",en
Snap,694,snapchat inc.,en
Snap,694,snapchat,en
Snap,694,snap inc,en
Snap,694,snap. inc,en
Snap-On,2492,snap-on incorporated,en
Snap-On,2492,snap-on inc,en
Bridgewater Associates,368,"bridgewater associates, lp",en
Bridgewater Associates,368,bridgewater,en
Expeditors,2313,expeditors international,en
Expeditors,2313,"expeditors international of washington, inc.",en
Xylem,2549,xylem,en
Xylem,2549,xylem water solutions,en
Experian,440,"experian information solutions, inc.",en
Extra Space Storage,2314,extra space storage inc.,en
Nvidia,184,nvidia corporation,en
Nvidia,184,nvidia corp,en
Bristol-Myers Squibb,1395,"bristol myers squibb, BMS",en
Sony,1132,sony group corporation,en
Broadcom,2236,avago technologies,en
Broadcom,2236,broadcom,en
NVR,2441,"nvr, inc. (nvr)",en
NVR,2441,"nvr, inc.",en
NVR,2441,nvr,en
Broadridge Financial Solutions,2237,broadridge,en
Broadridge Financial Solutions,2237,"broadridge financial solutions, inc.",en
F5 Networks,2315,f5 networks inc,en
F5 Networks,2315,f5,en
F5 Networks,2315,f5 labs,en
F5 Networks,2315,"f5, inc.",en
J.M. Smucker,2378,smucker and smucker's,en
J.M. Smucker,2378,j. m. smucker,en
J.M. Smucker,2378,j. m. smucker company,en
J.M. Smucker,2378,the j.m. smucker company,en
NXP Semiconductors,606,philips semiconductors,en
NXP Semiconductors,606,nxp semiconductors netherlands bv,en
NXP Semiconductors,606,nxp,en
Meta,87,facebook,en
Meta,87,"facebook, inc",en
Meta,87,meta platforms,en
Meta,87,"facebook, inc.",en
Johnson Controls,2100,johnson controls international plc,en
Johnson Controls,2100,johnson controls,en
O'Reilly Automotive,2442,"o’reilly automotive, inc.",en
O'Reilly Automotive,2442,o'reilly,en
O'Reilly Automotive,2442,o'reilly auto parts,en
O'Reilly Automotive,2442,"o’reilly auto parts, corporate",en
Johnson & Johnson,842,"Johnson & Johnson Services, Inc.",en
Brown-Forman,2238,brown-forman corp,en
Brown-Forman,2238,brown-forman and company,en
Brown-Forman,2238,brown-forman corporation,en
Brown-Forman,2238,brown-forman,en
Southern Company,2493,southern co,en
Southern Company,2493,"southern company services, inc.",en
Southwest Airlines,2494,southwest,en
Southwest Airlines,2494,southwest®,en
Southwest Airlines,2494,southwest airlines co,en
Southwest Airlines,2494,southwest airlines®,en
Southwest Airlines,2494,southwest airlines (nyse: luv),en
Southwest Airlines,2494,southwest airlines co.,en
Yum! Brands,2550,"yum! brands, inc.",en
Yum! Brands,2550,tricon global restaurants,en
Yum! Brands,2550,yum!,en
Yum! Brands,2550,yum! brands rsc,en
Yum! Brands,2550,yum! brands,en
Juniper Networks,2379,"juniper networks, inc.",en
Juniper Networks,2379,juniper,en
Occidental Petroleum,2443,oxy,en
Occidental Petroleum,2443,occidental,en
Occidental Petroleum,2443,occidental petroleum corporation,en
Occidental Petroleum,2443,occidental petroleum corporation (nyse: oxy),en
Occidental Petroleum,2443,occidental petroleum corp,en
KLA-Tencor,1707,KLAC,en
KLA-Tencor,1707,KLA Corporation,en
Zebra Technologies,2551,zebra technologies corporation,en
Zebra Technologies,2551,zebra,en
Zebra Technologies,2551,zebra technologies corp,en
Panasonic,1129,パナソニック,jp
Toyota,790,トヨタ自動車株式会社,jp
Honda,795,本田技研工業株式会社,jp
Fujitsu,1125,富士通,jp
Fujitsu,1125,富士通クライアントコンピューティング,jp
Yaskawa,797,安川電機,jp
Samsung,671,삼성전자,ko
Samsung,671,삼성그룹 혹은 삼성,ko
Lenovo,936,联想集团,zh
Lenovo,936,联想集团有限公司,zh
4Thparadigm,3,第四范式,zh
4Thparadigm,3,第四范式（北京）技术有限公司,zh
Cambricon,52,寒武纪科技,zh
Cambricon,52,寒武纪,zh
Cambricon,52,北京中科寒武纪科技有限公司,zh
ZTE,289,中兴,zh
ZTE,289,中兴通讯股份有限公司,zh
ABB,798,"abb group, abb ltd",zh
Celepixel,53,芯仑科技,zh
Celepixel,53,豪威芯仑传感器（上海）有限公司,zh
Kuaishou,143,快手,zh
Kuaishou,143,北京快手科技有限公司,zh
Foxconn,1393,鴻海精密工業股份有限公司,zh
Ahi Fintech,10,慧安金科,zh
Ahi Fintech,10,慧安金科（北京）科技有限公司,zh
Tencent,245,腾讯控股有限公司,zh
Tencent,245,腾讯,zh
Cloudwalk,58,云从科技集团股份有限公司,zh
Cloudwalk,58,云从科技,zh
Aisimba,17,武汉小狮科技有限公司,zh
Aisimba,17,"Wuhan Xiaoshi Intelligent Technology Co., Ltd",zh
Aisimba,17,小狮科技,zh
Aisimba,17,xiaoshi keji,zh
Ping An,202,平安金融,zh
Ping An,202,中国平安保险集团,zh
Ping An,202,中国平安,zh
Alibaba,21,阿里巴巴集团控股有限公司,zh
Alibaba,21,阿里巴巴集团,zh
Alibaba,21,阿里,zh
Zhipu AI,6912,北京智谱华章科技有限公司,zh
Zhipu AI,6912,智谱AI,zh
Baichuan Intelligence,6913,百川智能,zh
Baichuan Intelligence,6913,北京百川智能科技有限公司,zh
Xiaopeng Motors,6914,小鹏汽车,zh
Xiaopeng Motors,6914,广州小鹏汽车科技有限公司,zh
BYD,6915,比亚迪汽车,zh
BYD,6915,比亚迪汽车有限公司,zh
Moonshot AI,6917,北京月之暗面科技有限公司,zh
Moonshot AI,6917,月之暗面,zh
Kunlun Tech,6918,昆仑万维科技股份有限公司,zh
Kunlun Tech,6918,昆仑万维,zh
Enflame,6919,燧原科技,zh
Qihoo 360,208,360公司,zh
Qihoo 360,208,三六零安全科技股份有限公司,zh
Qihoo 360,208,奇虎360,zh
China Mobile Communications,1820,中国移动,zh
China Mobile Communications,1820,中国移动通信集团公司,zh
Dahua Technology,1388,大华技术,zh
Dahua Technology,1388,浙江大华信息技术股份有限公司,zh
Tusimple,258,图森未来,zh
MiniMax,6934,上海稀宇科技有限公司,zh
Hikvision,106,海康威视,zh
Hikvision,106,杭州海康威视数字技术股份有限公司,zh
Megvii,161,旷视科技,zh
Megvii,161,北京旷视科技有限公司,zh
Megvii,161,旷视,zh
Deepblue Technology,67,深兰科技（上海）有限公司,zh
Deepblue Technology,67,深兰科技,zh
Deepglint,69,格灵深瞳,zh
Deepglint,69,北京格灵深瞳信息技术有限公司,zh
Horizon Robotics,110,地平线,zh
Horizon Robotics,110,北京地平线信息技术有限公司,zh
Horizon Robotics,110,dipingxian,zh
Huawei,112,华为,zh
Huawei,112,华为技术有限公司,zh
Mininglamp,166,明略科技集团,zh
Mininglamp,166,明略科技,zh
Mininglamp,166,北京明略昭辉科技有限公司,zh
Didi Chuxing,76,滴滴出行,zh
Didi Chuxing,76,滴滴,zh
DJI,78,大疆创新,zh
DJI,78,深圳市大疆创新科技有限公司,zh
IFlyTek,122,科大讯飞股份有限公司,zh
IFlyTek,122,科大讯飞,zh
Baidu,37,百度公司,zh
Baidu,37,百度,zh
Ehang,83,亿航智能,zh
Ehang,83,广州亿航智能技术有限公司,zh
Sensetime,223,商汤科技,zh
Sensetime,223,商汤集团有限公司,zh
Sensetime,223,商汤,zh
Bitmain Technologies,43,比特大陆,zh
Bitmain Technologies,43,比特大陆科技有限公司,zh
Nio,596,上海蔚来汽车有限公司,zh
Nio,596,蔚来,zh
Nio,596,weilai,zh
Xiaohongshu (Little Red Book),279,小红书,zh
Xiaohongshu (Little Red Book),279,行吟信息科技（上海）有限公司,zh
JD.com,133,京东集团,zh
JD.com,133,京东集团股份有限公司,zh
JD.com,133,京东,zh
